Q2311040027000001:: SELECT region.r_name AS region__r_name, nation.n_comment AS nation__n_comment, nation.n_regionkey AS nation__n_regionkey, SUBSTR(region.r_comment, 13, 42) AS SUBSTR__region__r_comment__13__42, UPPER(nation.n_comment) AS UPPER__nation__n_comment, MIN(LOG(lineitem.l_orderkey,2)) AS MIN__LOG__lineitem__l_orderkey__2, MIN(SQRT(orders.o_orderkey)) AS MIN__SQRT__orders__o_orderkey, MIN(RTRIM(orders.o_clerk)) AS MIN__RTRIM__orders__o_clerk FROM lineitem INNER JOIN orders ON lineitem.l_orderkey = orders.o_orderkey INNER JOIN customer ON orders.o_custkey = customer.c_custkey INNER JOIN nation ON customer.c_nationkey = nation.n_nationkey INNER JOIN region ON nation.n_regionkey = region.r_regionkey GROUP BY region.r_name , nation.n_comment , nation.n_regionkey ,  SUBSTR(region.r_comment, 13, 42) ,  UPPER(nation.n_comment)  HAVING  MIN(SQRT(orders.o_orderkey)) not between  31.0322412983658 AND 34.9428104193123   and MIN(RTRIM(orders.o_clerk)) <  'Clerk#000001203'  ORDER BY MIN(SQRT(orders.o_orderkey)) DESC, region.r_name DESC FETCH NEXT 459 ROWS ONLY
Q2311040027000002:: SELECT orders.o_clerk AS orders__o_clerk, SUBSTR(orders.o_orderstatus, 1, 0) AS SUBSTR__orders__o_orderstatus__1__0, MAX(orders.o_shippriority) AS MAX__orders__o_shippriority, MAX(EXTRACT (YEAR FROM orders.o_orderdate)) AS MAX__EXTRACT____YEAR__FROM__orders__o_orderdate, MAX(EXTRACT (DOW FROM orders.o_orderdate)) AS MAX__EXTRACT____DOW__FROM__orders__o_orderdate FROM orders GROUP BY orders.o_clerk ,  SUBSTR(orders.o_orderstatus, 1, 0)  ORDER BY MAX(EXTRACT (DOW FROM orders.o_orderdate)) ASC, MAX(EXTRACT (YEAR FROM orders.o_orderdate)) ASC OFFSET 527 ROWS FETCH NEXT 547 ROWS ONLY
Q2311040027000003:: SELECT partsupp.ps_comment AS partsupp__ps_comment, MAX(SQRT(partsupp.ps_availqty)) AS MAX__SQRT__partsupp__ps_availqty FROM partsupp GROUP BY partsupp.ps_comment  HAVING  MAX(SQRT(partsupp.ps_availqty)) not between  32.5115364140177 AND 36.2353418639869  ORDER BY partsupp.ps_comment ASC OFFSET 193 ROWS FETCH NEXT 592 ROWS ONLY
Q2311040027000004:: SELECT lineitem.l_shipdate AS lineitem__l_shipdate, lineitem.l_partkey AS lineitem__l_partkey, lineitem.l_commitdate AS lineitem__l_commitdate, lineitem.l_linestatus AS lineitem__l_linestatus, lineitem.l_shipmode AS lineitem__l_shipmode, lineitem.l_quantity AS lineitem__l_quantity, lineitem.l_receiptdate AS lineitem__l_receiptdate, lineitem.l_tax AS lineitem__l_tax, lineitem.l_extendedprice AS lineitem__l_extendedprice, lineitem.l_linenumber AS lineitem__l_linenumber, lineitem.l_comment AS lineitem__l_comment, lineitem.l_orderkey AS lineitem__l_orderkey, lineitem.l_shipinstruct AS lineitem__l_shipinstruct, lineitem.l_suppkey AS lineitem__l_suppkey, lineitem.l_discount AS lineitem__l_discount, lineitem.l_returnflag AS lineitem__l_returnflag, partsupp.ps_comment AS partsupp__ps_comment, partsupp.ps_suppkey AS partsupp__ps_suppkey, partsupp.ps_partkey AS partsupp__ps_partkey, partsupp.ps_supplycost AS partsupp__ps_supplycost, partsupp.ps_availqty AS partsupp__ps_availqty, supplier.s_acctbal AS supplier__s_acctbal, supplier.s_address AS supplier__s_address, supplier.s_comment AS supplier__s_comment, supplier.s_nationkey AS supplier__s_nationkey, supplier.s_suppkey AS supplier__s_suppkey, supplier.s_name AS supplier__s_name, supplier.s_phone AS supplier__s_phone, nation.n_regionkey AS nation__n_regionkey, nation.n_comment AS nation__n_comment, nation.n_nationkey AS nation__n_nationkey, nation.n_name AS nation__n_name, region.r_regionkey AS region__r_regionkey, region.r_comment AS region__r_comment, region.r_name AS region__r_name FROM lineitem INNER JOIN partsupp ON lineitem.l_suppkey = partsupp.ps_suppkey AND lineitem.l_partkey = partsupp.ps_partkey INNER JOIN supplier ON partsupp.ps_suppkey = supplier.s_suppkey INNER JOIN nation ON supplier.s_nationkey = nation.n_nationkey INNER JOIN region ON nation.n_regionkey = region.r_regionkey WHERE nation.n_regionkey >  3  OR lineitem.l_shipmode >=  'RAIL      '  OR lineitem.l_extendedprice <>  946.99 FETCH NEXT 668 ROWS ONLY
Q2311040027000005:: SELECT region.r_name AS region__r_name, LTRIM(region.r_comment) AS LTRIM__region__r_comment, nation.n_regionkey AS nation__n_regionkey, LTRIM(nation.n_comment) AS LTRIM__nation__n_comment, COUNT(DISTINCT UPPER(supplier.s_comment)) AS COUNT__DISTINCT__UPPER__supplier__s_comment FROM partsupp INNER JOIN supplier ON partsupp.ps_suppkey = supplier.s_suppkey INNER JOIN nation ON supplier.s_nationkey = nation.n_nationkey INNER JOIN region ON nation.n_regionkey = region.r_regionkey WHERE partsupp.ps_suppkey >=  18632  OR nation.n_regionkey NOT IN  ( 0, 1, 2, 3, 4)   OR supplier.s_phone <>  '18-869-974-4834'  OR supplier.s_name <>  'Supplier#000014249       ' GROUP BY region.r_name ,  LTRIM(region.r_comment) , nation.n_regionkey ,  LTRIM(nation.n_comment)  HAVING  COUNT(DISTINCT UPPER(supplier.s_comment)) >=  4  ORDER BY region.r_name DESC, nation.n_regionkey DESC OFFSET 402 ROWS FETCH NEXT 298 ROWS ONLY
Q2311040027000006:: SELECT distinct nation.n_regionkey AS nation__n_regionkey, nation.n_comment AS nation__n_comment, FLOOR(supplier.s_acctbal) AS FLOOR__supplier__s_acctbal, SUBSTR(supplier.s_comment, 12, 2) AS SUBSTR__supplier__s_comment__12__2, LTRIM(supplier.s_name) AS LTRIM__supplier__s_name, supplier.s_nationkey AS supplier__s_nationkey, LTRIM(nation.n_name) AS LTRIM__nation__n_name, supplier.s_suppkey AS supplier__s_suppkey, SUBSTR(supplier.s_address, 14, 64) AS SUBSTR__supplier__s_address__14__64, nation.n_nationkey AS nation__n_nationkey, supplier.s_phone AS supplier__s_phone FROM supplier INNER JOIN nation ON supplier.s_nationkey = nation.n_nationkey WHERE supplier.s_address <  'ZNEHF5c7kP5tPGdQ ZrJZNRdQnu0M9LVyO urMm'  AND supplier.s_phone =  '26-913-667-5355' ORDER BY supplier.s_phone DESC, FLOOR(supplier.s_acctbal) DESC OFFSET 322 ROWS FETCH NEXT 866 ROWS ONLY
Q2311040027000007:: SELECT orders.o_orderdate AS orders__o_orderdate, orders.o_custkey AS orders__o_custkey, orders.o_orderstatus AS orders__o_orderstatus, orders.o_clerk AS orders__o_clerk, orders.o_comment AS orders__o_comment, orders.o_totalprice AS orders__o_totalprice, orders.o_orderkey AS orders__o_orderkey, orders.o_orderpriority AS orders__o_orderpriority, orders.o_shippriority AS orders__o_shippriority FROM orders WHERE orders.o_comment NOT LIKE  '%- express, final warhorses against the blithely final%'  AND orders.o_totalprice BETWEEN  970.33 AND 1023.38  OR orders.o_custkey BETWEEN  488 AND 565 ORDER BY orders.o_shippriority ASC, orders.o_comment DESC, orders.o_totalprice DESC OFFSET 927 ROWS FETCH NEXT 995 ROWS ONLY
Q2311040027000008:: SELECT LOWER(nation.n_name) AS LOWER__nation__n_name, nation.n_nationkey AS nation__n_nationkey, COUNT(nation.n_comment) AS COUNT__nation__n_comment FROM supplier INNER JOIN nation ON supplier.s_nationkey = nation.n_nationkey WHERE TRUNC(supplier.s_acctbal, 0)  <  3087  OR supplier.s_comment LIKE  '%sts. furiously eve%'  AND supplier.s_suppkey <  16347 GROUP BY  LOWER(nation.n_name) , nation.n_nationkey  HAVING  COUNT(nation.n_comment) =  1  ORDER BY LOWER(nation.n_name) DESC OFFSET 606 ROWS FETCH NEXT 657 ROWS ONLY
Q2311040027000009:: SELECT SUBSTR(orders.o_orderstatus, 1, 1) AS SUBSTR__orders__o_orderstatus__1__1, orders.o_comment AS orders__o_comment, MIN(orders.o_shippriority) AS MIN__orders__o_shippriority FROM orders GROUP BY  SUBSTR(orders.o_orderstatus, 1, 1) , orders.o_comment  HAVING  MIN(orders.o_shippriority) <  0   and MIN(orders.o_shippriority) not between  0 AND 0   and MIN(orders.o_shippriority) >  0  ORDER BY orders.o_comment DESC FETCH NEXT 995 ROWS ONLY
Q2311040027000010:: SELECT distinct nation.n_name AS nation__n_name, nation.n_comment AS nation__n_comment, nation.n_regionkey AS nation__n_regionkey, nation.n_nationkey AS nation__n_nationkey FROM nation WHERE nation.n_comment NOT IN  ( 'ts. silent requests haggle. closely express packages sleep across the blithely', 'ular asymptotes are about the furious multipliers. express dependencies nag above the ironically ironic account', 'ven packages wake quickly. regu')   AND nation.n_name NOT LIKE  'EGYPT        %' FETCH NEXT 343 ROWS ONLY
